Ser Amantio di Nicolao,,,
Jevansen,,,
Tom.Reding,,,
BrownHairedGirl,,,
BD2412,,,
Koavf,,,
Materialscientist,,,
Rich Farmbrough,,,
Bearcat,,,
Waacstats,,,
Lugnuts,,,
Tassedethe,,,
Hmains,,,
Red Director,,,
Lepricavark,,,
Frietjes,,,
TAnthony,,,
Simeon,,,
Onel5969,,,
Tim!,,,
Rjwilmsi,,,
Chris the speller,,,
Magioladitis,,,
Smasongarrison,,,
WOSlinker,,,
Liz,,,
Rodw,,,
Dimadick,,,
Dl2000,,,
Hugo999,,,
John of Reading,,,
Johnsoniensis,,,
Ss112,,,
Northamerica1000,,,
Plantdrew,,,
Arjayay,,,
Another Believer,,,
Good Olfactory,,,
WhisperToMe,,,
GoingBatty,,,
Jweiss11,,,
Dr. Blofeld,,,
GiantSnowman,,,
Johnpacklambert,,,
Woohookitty,,,
Marcocapelle,,,
Keith D,,,
I dream of horses,,,
Markussep,,,
Rathfelder,,,
Bgwhite,,,
Zyxw,,,
Dawnseeker2000,,,
KylieTastic,,,
WikiOriginal-9,,,
Binksternet,,,
William Avery,,,
GoodDay,,,
Kante4,,,
Alansohn,,,
Oshwah,,,
Trappist the monk,,,
Sfan00 IMG,,,
Carlossuarez46,,,
Geregen2,,,
Discospinster,,,
Dthomsen8,,,
Gilliam,,,
Starcheerspeaksnewslostwars,,,
Kwamikagami,,,
Dicklyon,,,
Serols,,,
Headbomb,,,
Mattythewhite,,,
Lord Cornwallis,,,
Zackmann08,,,
GrahamHardy,,,
Bender235,,,
Gene93k,,,
Crowsus,,,
Jllm06,,,
[Placeholder],,,
Colonies Chris,,,
Wizardman,,,
Shellwood,,,
Courcelles,,,
Jonesey95,,,
R'n'B,,,
Dormskirk,,,
Drmies,,,
Narky Blert,,,
CAPTAIN RAJU,,,
Fortdj33,,,
Ronhjones,,,
Aboutmovies,,,
LilHelpa,,,
Gerda Arendt,,,
Niceguyedc,,,
TonyTheTiger,,,
Chongkian,,,
[Placeholder],,,
EP111,,,
Explicit,,,
Mandarax,,,
Muboshgu,,,
Kailash29792,,,
JarrahTree,,,
Hey man im josh,,,
Charles Matthews,,,
Ira Leviton,,,
Aspects,,,
Panamitsu,,,
Flyer22 Frozen,,,
Mlaffs,,,
Timrollpickering,,,
Epicgenius,,,
Diannaa,,,
WereSpielChequers,,,
Joeykai,,,
Sc2353,,,
Derek R Bullamore,,,
Fayenatic london,,,
Wilhelmina Will,,,
GÃ¼nniX,,,
Richhoncho,,,
JJMC89,,,
Werldwayd,,,
Mediocre Legacy,,,
MB,,,
Egeymi,,,
Tbhotch,,,
Armbrust,,,
MarnetteD,,,
Ohconfucius,,,
Mjroots,,,
Illegitimate Barrister,,,
Randy Kryn,,,
Grutness,,,
Chiswick Chap,,,
Rosiestep,,,
Bruce1ee,,,
Kumioko (renamed),,,
DGG,,,
ShelfSkewed,,,
Srich32977,,,
CLCStudent,,,
Skier Dude,,,
SchreiberBike,,,
Doc James,,,