username,,,
Kerry Raymond,,,
J.delanoy,,,
Rlink2,,,
Boleyn,,,
OpalYosutebito,,,
Bovineboy2008,,,
The Transhumanist,,,
Widr,,,
FeanorStar7,,,
Graham87,,,
Buaidh,,,
Number 57,,,
Dale Arnett,,,
Jim1138,,,
Fadesga,,,
Favonian,,,
Walter Görlitz,,,
Piotrus,,,
Nyttend,,,
Epbr123,,,
Pigsonthewing,,,
Vsmith,,,
Ymblanter,,,
The Rambling Man,,,
SandyGeorgia,,,
Wbm1058,,,
C.Fred,,,
Tony1,,,
Johnbod,,,
TenPoundHammer,,,
Xezbeth,,,
Redrose64,,,
Ruigeroeland,,,
Djln,,,
Bbb23,,,
Ipigott,,,
Theroadislong,,,
CambridgeBayWeather,,,
Geraldo Perez,,,
Ohnoitsjamie,,,
Doug Weller,,,
Omnipaedista,,,
Beland,,,
Vegaswikian,,,
Gonnym,,,
Beyond My Ken,,,
Paine Ellsworth,,,
Rms125a@hotmail.com,,,
Pvmoutside,,,
Graeme Bartlett,,,
The Anome,,,
PKT,,,
Sitush,,,
Plastikspork,,,
Dieter Lloyd Wexler,,,
Dawynn,,,
Cbl62,,,
MrOllie,,,
FMSky,,,
Fram,,,
Nikkimaria,,,
[Placeholder],,,
Dcirovic,,,
Schwede66,,,
MER-C,,,
Alaney2k,,,
Wolbo,,,
Kiwipete,,,
Clarityfiend,,,
Robby.is.on,,,
Martinevans123,,,
Tewapack,,,
Oculi,,,
UnitedStatesian,,,
Peter I. Vardy,,,
Certes,,,
Tigerboy1966,,,
Acroterion,,,
Philafrenzy,,,
David Eppstein,,,
Daniel Case,,,
Donner60,,,
Cassiopeia,,,
Grahamec,,,
Missvain,,,
Minorax,,,
All Hallow's Wraith,,,
Muhandes,,,
Rjensen,,,
Entranced98,,,
Steel1943,,,
Ozzie10aaaa,,,
DocWatson42,,,
Bkonrad,,,
Ahunt,,,
Yankees10,,,
DemocraticLuntz,,,
Dbachmann,,,
Look2See1,,,
Chanheigeorge,,,
Estopedist1,,,
RFD,,,
AngusWOOF,,,
Cs-wolves,,,
OccultZone,,,
Cplakidas,,,
NawlinWiki,,,
Impru20,,,
Adamtt9,,,
Tide rolls,,,
Mitch Ames,,,
West.andrew.g,,,
Deb,,,
Skyblueshaun,,,
S.A. Julio,,,
John,,,
Ryulong,,,
Stefan2,,,
BilCat,,,
Spiderone,,,
Qwerfjkl,,,
Ken Gallager,,,
Primefac,,,
Meno25,,,
Paul August,,,
David Gerard,,,
Kuru,,,
PeeJay,,,
Peter coxhead,,,
Klio654,,,
PamD,,,
Natg 19,,,
Trivialist,,,
StefenTower,,,
1234qwer1234qwer4,,,
Philip Cross,,,
Excirial,,,
Michael Hardy,,,
Jaguar,,,
JackofOz,,,
UtherSRG,,,
Anthony Appleyard,,,
Ksnow,,,
Namiba,,,
Unreal7,,,
Robert McClenon,,,
Funandtrvl,,,
RevelationDirect,,,
Bhadani,,,
JBW,,,
